{
    "step": 4,
    "train": {
        "loss": 1.0639996528625488
    },
    "test": {
        "loss": 1.088050771291089,
        "accuracy": 65.64999999999999
    }
}