step	train/loss
0	2.144943952560425
1	1.8583695888519287
2	1.4760814905166626
3	1.2130728960037231
4	1.0584934949874878
