{
    "train": {
        "loss": 1.0584934949874878
    },
    "test": {
        "loss": 1.0787440925646739,
        "accuracy": 63.959999999999994
    },
    "step": 4
}